date,DGS3MO,DGS10,T10Y2Y,CPIAUCSL,UNRATE,BAA10Y
2014-01-01,0.04,2.86,2.46,235.288,6.6,2.33
2014-02-01,0.05,2.71,2.38,235.547,6.7,2.39
2014-03-01,0.05,2.72,2.32,236.028,6.7,2.34
2014-04-01,0.03,2.71,2.29,236.468,6.2,2.2
2014-05-01,0.03,2.56,2.17,236.918,6.3,2.2
2014-06-01,0.04,2.6,2.15,237.231,6.1,2.2
2014-07-01,0.03,2.54,2.04,237.498,6.2,2.19
2014-08-01,0.03,2.42,1.95,237.46,6.1,2.27
2014-09-01,0.02,2.53,1.97,237.477,5.9,2.27
2014-10-01,0.02,2.3,1.86,237.43,5.7,2.38
2014-11-01,0.02,2.33,1.8,236.983,5.8,2.46
2014-12-01,0.03,2.21,1.57,236.252,5.6,2.53
2015-01-01,0.03,1.88,1.33,234.747,5.7,2.57
2015-02-01,0.02,1.98,1.36,235.342,5.5,2.53
2015-03-01,0.03,2.04,1.4,235.976,5.4,2.5
2015-04-01,0.02,1.94,1.4,236.222,5.4,2.55
2015-05-01,0.02,2.2,1.59,237.001,5.6,2.69
2015-06-01,0.02,2.36,1.68,237.657,5.3,2.76
2015-07-01,0.03,2.32,1.66,238.034,5.2,2.88
2015-08-01,0.07,2.17,1.47,238.033,5.1,3.02
2015-09-01,0.02,2.17,1.46,237.498,5.0,3.17
2015-10-01,0.02,2.07,1.43,237.733,5.0,3.27
2015-11-01,0.13,2.26,1.38,238.017,5.1,3.19
2015-12-01,0.23,2.24,1.26,237.761,5.0,3.21
2016-01-01,0.26,2.09,1.19,237.652,4.8,3.36
2016-02-01,0.31,1.78,1.05,237.336,4.9,3.56
2016-03-01,0.3,1.89,1.01,238.08,5.0,3.24
2016-04-01,0.23,1.81,1.04,238.992,5.1,2.98
2016-05-01,0.28,1.81,0.99,239.557,4.8,2.87
2016-06-01,0.27,1.64,0.91,240.222,4.9,2.88
2016-07-01,0.3,1.5,0.83,240.101,4.8,2.71
2016-08-01,0.3,1.56,0.82,240.545,4.9,2.68
2016-09-01,0.29,1.63,0.86,241.176,5.0,2.68
2016-10-01,0.33,1.76,0.92,241.741,4.9,2.61
2016-11-01,0.45,2.14,1.16,242.026,4.7,2.57
2016-12-01,0.51,2.49,1.3,242.637,4.7,2.34
2017-01-01,0.52,2.43,1.23,243.618,4.7,2.23
2017-02-01,0.53,2.42,1.22,244.006,4.6,2.22
2017-03-01,0.75,2.48,1.17,243.892,4.4,2.2
2017-04-01,0.81,2.3,1.06,244.193,4.4,2.27
2017-05-01,0.9,2.3,1.0,244.004,4.4,2.25
2017-06-01,1.0,2.19,0.84,244.163,4.3,2.18
2017-07-01,1.09,2.32,0.95,244.243,4.3,2.07
2017-08-01,1.03,2.21,0.87,245.183,4.4,2.1
2017-09-01,1.05,2.2,0.82,246.435,4.3,2.1
2017-10-01,1.09,2.36,0.81,246.626,4.2,1.96
2017-11-01,1.25,2.35,0.66,247.284,4.2,1.92
2017-12-01,1.34,2.4,0.56,247.805,4.1,1.82
2018-01-01,1.43,2.58,0.55,248.859,4.0,1.67
2018-02-01,1.59,2.86,0.68,249.529,4.1,1.65
2018-03-01,1.73,2.84,0.57,249.577,4.0,1.8
2018-04-01,1.79,2.87,0.48,250.227,4.0,1.8
2018-05-01,1.9,2.98,0.47,250.792,3.8,1.85
2018-06-01,1.94,2.91,0.38,251.018,4.0,1.92
2018-07-01,1.99,2.89,0.28,251.214,3.8,1.9
2018-08-01,2.07,2.89,0.25,251.663,3.8,1.88
2018-09-01,2.17,3.0,0.24,252.182,3.7,1.88
2018-10-01,2.29,3.15,0.29,252.772,3.8,1.91
2018-11-01,2.37,3.12,0.26,252.594,3.8,2.11
2018-12-01,2.41,2.83,0.16,252.767,3.9,2.3
2019-01-01,2.42,2.71,0.17,252.561,4.0,2.41
2019-02-01,2.44,2.68,0.17,253.319,3.8,2.27
2019-03-01,2.45,2.57,0.16,254.277,3.8,2.26
2019-04-01,2.43,2.53,0.19,255.233,3.7,2.17
2019-05-01,2.4,2.4,0.19,255.296,3.6,2.23
2019-06-01,2.22,2.07,0.26,255.213,3.6,2.39
2019-07-01,2.15,2.06,0.22,255.802,3.7,2.22
2019-08-01,1.99,1.63,0.06,256.036,3.6,2.25
2019-09-01,1.93,1.7,0.05,256.43,3.5,2.22
2019-10-01,1.68,1.71,0.16,257.155,3.6,2.22
2019-11-01,1.57,1.81,0.2,257.879,3.6,2.13
2019-12-01,1.57,1.86,0.25,258.63,3.6,2.02
2020-01-01,1.55,1.76,0.24,259.127,3.6,2.01
2020-02-01,1.54,1.5,0.17,259.25,3.5,2.11
2020-03-01,0.3,0.87,0.42,258.076,4.4,3.42
2020-04-01,0.14,0.66,0.43,256.032,14.8,3.47
2020-05-01,0.13,0.67,0.5,255.802,13.2,3.28
2020-06-01,0.16,0.73,0.54,257.042,11.0,2.91
2020-07-01,0.13,0.62,0.48,258.352,10.2,2.69
2020-08-01,0.1,0.65,0.51,259.316,8.4,2.62
2020-09-01,0.11,0.68,0.54,259.997,7.8,2.68
2020-10-01,0.1,0.79,0.64,260.319,6.9,2.65
2020-11-01,0.09,0.87,0.7,260.911,6.7,2.43
2020-12-01,0.09,0.93,0.8,262.045,6.7,2.23
2021-01-01,0.08,1.08,0.95,262.687,6.4,2.16
2021-02-01,0.04,1.26,1.14,263.579,6.2,2.16
2021-03-01,0.03,1.61,1.46,264.961,6.1,2.13
2021-04-01,0.02,1.64,1.47,266.614,6.1,1.97
2021-05-01,0.02,1.62,1.47,268.383,5.8,2.0
2021-06-01,0.04,1.52,1.32,270.654,5.9,1.93
2021-07-01,0.05,1.32,1.1,271.903,5.4,1.93
2021-08-01,0.05,1.28,1.07,272.676,5.1,1.96
2021-09-01,0.04,1.37,1.13,273.91,4.7,1.86
2021-10-01,0.05,1.58,1.19,276.55,4.5,1.77
2021-11-01,0.05,1.56,1.05,278.919,4.1,1.72
2021-12-01,0.06,1.47,0.79,280.845,3.9,1.83
2022-01-01,0.15,1.76,0.78,282.543,4.0,1.82
2022-02-01,0.31,1.93,0.5,284.5,3.9,2.03
2022-03-01,0.45,2.13,0.22,287.674,3.7,2.17
2022-04-01,0.76,2.75,0.21,288.561,3.7,1.91
2022-05-01,0.99,2.9,0.28,291.298,3.6,2.22
2022-06-01,1.54,3.14,0.15,294.957,3.6,2.12
2022-07-01,2.3,2.9,-0.14,294.913,3.5,2.32
2022-08-01,2.72,2.9,-0.35,295.097,3.6,2.25
2022-09-01,3.22,3.52,-0.34,296.349,3.5,2.17
2022-10-01,3.87,3.98,-0.39,298.007,3.6,2.28
2022-11-01,4.32,3.89,-0.61,298.786,3.6,2.17
2022-12-01,4.36,3.62,-0.67,298.832,3.5,1.98
2023-01-01,4.69,3.53,-0.68,300.42,3.5,1.97
2023-02-01,4.79,3.75,-0.79,301.45,3.6,1.85
2023-03-01,4.86,3.66,-0.64,301.821,3.5,2.05
2023-04-01,5.07,3.46,-0.56,302.845,3.4,2.07
2023-05-01,5.31,3.57,-0.56,303.334,3.6,2.19
2023-06-01,5.42,3.75,-0.89,304.014,3.6,2.01
2023-07-01,5.49,3.9,-0.93,304.609,3.5,1.84
2023-08-01,5.56,4.17,-0.73,306.082,3.7,1.85
2023-09-01,5.56,4.38,-0.64,307.276,3.7,1.78
2023-10-01,5.6,4.8,-0.27,307.696,3.9,1.83
2023-11-01,5.52,4.5,-0.38,308.148,3.7,1.79
2023-12-01,5.44,4.02,-0.44,308.741,3.8,1.62
2024-01-01,5.45,4.06,-0.26,309.698,3.7,1.62
2024-02-01,5.44,4.21,-0.34,310.967,3.9,1.56
2024-03-01,5.47,4.21,-0.38,312.345,3.9,1.55
2024-04-01,5.44,4.54,-0.33,313.023,3.9,1.46
2024-05-01,5.46,4.48,-0.37,313.175,3.9,1.47
2024-06-01,5.51,4.31,-0.43,313.044,4.1,1.51
2024-07-01,5.43,4.25,-0.25,313.569,4.2,1.59
2024-08-01,5.3,3.87,-0.09,314.062,4.2,1.73
2024-09-01,4.92,3.72,0.1,314.732,4.1,1.69
2024-10-01,4.72,4.1,0.12,315.631,4.1,1.54
2024-11-01,4.62,4.36,0.1,316.528,4.2,1.42
2024-12-01,4.39,4.39,0.17,317.604,4.1,1.41
2025-01-01,4.34,4.63,0.36,318.961,4.0,1.45
2025-02-01,4.33,4.45,0.24,319.679,4.2,1.47
2025-03-01,4.34,4.28,0.31,319.785,4.2,1.65
2025-04-01,4.32,4.28,0.5,320.302,4.2,1.9
2025-05-01,4.36,4.42,0.5,320.62,4.3,1.86
2025-06-01,4.42,4.38,0.49,321.435,4.1,1.76
2025-07-01,4.41,4.39,0.51,322.169,4.3,1.71
