date,regime,eq_ret,yield10,bond_gov_ret,rf,alt_pe_ret,alt_pe_rep_ret,cpi
1986-12-31,0,-0.0042,3.0,0.0025,0.00208,-0.00146,-0.00146,-0.00139
1987-01-31,0,0.00812,3.232,-0.01356,0.00228,-0.0305,-0.01162,0.00049
1987-02-28,0,-0.03087,3.484,-0.01474,0.00249,-0.01318,-0.01217,0.00129
1987-03-31,0,0.03568,3.898,-0.02572,0.00283,0.05743,0.01219,-0.00029
1987-04-30,0,0.04248,3.924,0.00147,0.00285,0.06818,0.03179,0.00074
1987-05-31,0,0.0196,3.758,0.01474,0.00271,0.02117,0.02807,0.00202
1987-06-30,0,0.01756,3.82,-0.00118,0.00277,0.0438,0.03358,0.00128
1987-07-31,0,-0.0229,4.036,-0.01173,0.00295,-0.0321,0.01059,0.00268
1987-08-31,0,0.01536,3.853,0.01597,0.00279,-0.00664,0.00456,-0.00192
1987-09-30,0,0.00666,4.002,-0.00706,0.00292,0.03648,0.01573,0.00138
1987-10-31,0,0.0112,3.773,0.01915,0.00273,0.02939,0.02051,0.00097
1987-11-30,0,0.01545,3.392,0.02953,0.00241,0.04166,0.02792,0.0004
1987-12-31,0,0.02721,3.415,0.00119,0.00243,0.02801,0.02795,-4e-05
1988-01-31,0,-0.03376,3.545,-0.0061,0.00254,-0.03983,0.00423,0.00192
1988-02-29,0,-0.01151,3.45,0.00952,0.00246,-0.00212,0.002,0.00391
1988-03-31,0,0.02734,3.446,0.00317,0.00245,0.00135,0.00177,0.00077
1988-04-30,0,-0.02809,3.43,0.00393,0.00244,-0.04437,-0.01437,-0.00162
1988-05-31,0,0.00503,3.512,-0.00279,0.00251,0.02418,-0.00088,-0.00089
1988-06-30,0,0.02632,3.442,0.00777,0.00245,0.10022,0.03451,0.0052
1988-07-31,0,0.04127,3.426,0.004,0.00244,0.04962,0.0398,0.00128
1988-08-31,0,0.06582,3.462,0.00035,0.00247,0.07873,0.05342,-0.00037
1988-09-30,0,-0.01007,3.429,0.00514,0.00244,0.0209,0.04204,0.00473
1988-10-31,0,0.0166,3.187,0.01963,0.00224,0.0188,0.03391,0.00313
1988-11-30,0,0.02608,2.812,0.02855,0.00193,0.03523,0.03437,0.00301
1988-12-31,0,0.01152,2.785,0.00426,0.0019,0.01989,0.0293,-0.00141
1989-01-31,0,0.03346,3.038,-0.01521,0.00212,0.03136,0.03002,0.0011
1989-02-28,1,-0.00718,2.979,0.00663,0.00207,-0.00894,0.01638,0.00117
1989-03-31,0,0.06424,3.342,-0.02261,0.00237,0.0665,0.03392,-0.00079
1989-04-30,0,0.00566,3.36,0.00153,0.00238,0.00101,0.0224,0.00521
1989-05-31,0,0.02643,3.235,0.01142,0.00228,0.03898,0.0282,0.00657
1989-06-30,0,-0.04694,3.286,-0.00083,0.00232,-0.07181,-0.0068,-0.00105
1989-07-31,0,-0.02309,3.133,0.01334,0.00219,-0.02819,-0.01429,0.00342
1989-08-31,0,0.01866,3.091,0.00551,0.00216,0.00413,-0.00784,-0.00013
1989-09-30,0,0.00101,3.123,0.00039,0.00219,-0.01435,-0.01012,0.00142
1989-10-31,0,0.00442,2.953,0.01434,0.00204,0.00781,-0.00385,0.00347
1989-11-30,0,-0.00885,3.003,-0.00099,0.00209,0.00455,-0.00091,0.00441
1989-12-31,0,0.01148,3.173,-0.00926,0.00223,0.04963,0.01678,0.00214
1990-01-31,0,-0.00347,3.047,0.01135,0.00212,0.02081,0.01819,0.00173
1990-02-28,0,-0.02893,3.154,-0.00482,0.00221,-0.01452,0.00674,0.00159
1990-03-31,0,0.04886,3.437,-0.017,0.00245,0.08616,0.03454,0.0041
1990-04-30,0,0.00912,3.62,-0.00979,0.0026,0.00207,0.02317,-0.00035
1990-05-31,0,0.01826,3.65,0.00096,0.00262,0.04388,0.03042,0.00396
1990-06-30,0,0.02128,3.627,0.00461,0.00261,0.01036,0.0234,0.00078
1990-07-31,0,-0.07569,4.057,-0.02672,0.00296,-0.09043,-0.01644,-0.00025
1990-08-31,0,0.05077,3.839,0.01846,0.00278,0.0794,0.0171,0.00184
1990-09-30,0,-0.02642,3.947,-0.00423,0.00287,-0.04132,-0.00334,0.00442
1990-10-31,0,0.01155,4.118,-0.00856,0.00302,0.04424,0.01331,0.00248
1990-11-30,0,-0.01652,3.765,0.02786,0.00272,-0.02438,0.00012,0.0019
1990-12-31,0,0.01259,3.837,-0.00189,0.00278,0.00933,0.00334,-0.00079
1991-01-31,0,-0.01357,3.813,0.00492,0.00276,-0.02207,-0.00555,0.00258
1991-02-28,0,0.01211,3.456,0.02781,0.00246,0.03168,0.00748,-0.00084
1991-03-31,0,-0.06447,3.162,0.02322,0.00222,-0.07385,-0.02099,0.00394
1991-04-30,0,-0.02271,3.041,0.01104,0.00212,-0.04607,-0.02977,-0.00117
1991-05-31,0,0.00708,3.185,-0.00746,0.00224,0.02019,-0.01228,0.00303
1991-06-30,0,-0.01395,3.153,0.00487,0.00221,0.01503,-0.00272,0.00255
1991-07-31,0,-0.02174,3.276,-0.00586,0.00231,-0.04205,-0.01649,0.00205
1991-08-31,0,0.01722,3.239,0.00532,0.00228,-0.00867,-0.01375,0.00517
1991-09-30,0,0.01143,3.248,0.00203,0.00229,0.02366,-0.00065,-0.00206
1991-10-31,1,-0.05637,3.176,0.00768,0.00223,-0.08608,-0.03055,-0.0015
1991-11-30,0,0.00462,3.22,-0.00037,0.00227,-0.01191,-0.02403,0.0021
1991-12-31,1,0.12788,3.349,-0.00626,0.00237,0.14646,0.03564,-0.0002
1992-01-31,1,-0.01441,3.083,0.0212,0.00215,-0.02146,0.01566,0.00234
1992-02-29,1,-0.05136,3.131,-0.00074,0.00219,-0.08096,-0.01816,0.00114
1992-03-31,0,-0.01346,3.335,-0.01147,0.00236,0.0349,0.00041,0.0017
1992-04-30,0,0.00804,3.546,-0.01187,0.00254,0.02635,0.00949,0.00415
1992-05-31,0,0.01163,3.717,-0.00883,0.00268,-0.02579,-0.00286,0.00331
1992-06-30,0,0.04136,4.192,-0.02976,0.00308,0.03839,0.01158,0.00041
1992-07-31,0,0.01635,4.033,0.01451,0.00294,0.01601,0.01313,0.00179
1992-08-31,0,0.06536,4.276,-0.01349,0.00315,0.0504,0.02617,0.00479
1992-09-30,0,-0.0137,3.875,0.03132,0.00281,-0.00553,0.01508,0.00262
1992-10-31,0,-0.05123,3.904,0.00123,0.00284,-0.05055,-0.00789,0.00281
1992-11-30,0,0.02318,3.934,0.00116,0.00286,0.02136,0.00235,0.00211
1992-12-31,0,-0.02344,3.873,0.00747,0.00281,-0.00807,-0.0013,0.001
1993-01-31,0,0.02207,3.792,0.00884,0.00274,0.0287,0.0092,0.00167
1993-02-28,0,-0.01806,3.609,0.01585,0.00259,-0.00343,0.00478,-0.00044
1993-03-31,0,-0.02498,3.212,0.03047,0.00226,-0.05431,-0.0159,0.00151
1993-04-30,0,0.01629,2.962,0.01996,0.00205,0.00285,-0.00934,-0.00135
1993-05-31,1,-0.01051,2.966,0.0022,0.00205,0.01188,-0.00191,0.00061
1993-06-30,1,0.05613,2.71,0.02014,0.00184,0.06567,0.02174,0.00224
1993-07-31,1,-0.15,2.287,0.03153,0.00149,-0.11757,-0.02702,0.0028
1993-08-31,0,0.00272,2.479,-0.0114,0.00165,0.02416,-0.00911,0.00508
1993-09-30,0,0.0139,2.146,0.02514,0.00137,0.02854,0.00407,0.00202
1993-10-31,0,0.00934,2.205,-0.00234,0.00142,0.02054,0.00984,0.00682
1993-11-30,0,0.01313,2.348,-0.00804,0.00154,-0.0002,0.00632,-0.00052
1993-12-31,0,0.00833,2.45,-0.00505,0.00162,0.02722,0.01364,0.00232
1994-01-31,0,0.02886,2.481,-0.00011,0.00165,0.04891,0.02598,-0.00067
1994-02-28,0,-0.00541,2.237,0.01892,0.00145,-0.00898,0.01374,0.0034
1994-03-31,0,-0.03029,2.168,0.00661,0.00139,-0.0273,-0.00062,0.00216
1994-04-30,0,-0.01446,2.157,0.00263,0.00138,-0.02237,-0.00823,0.00158
1994-05-31,0,-0.01833,2.19,-0.00053,0.00141,-0.02538,-0.01423,0.00115
1994-06-30,0,-0.01812,2.224,-0.00049,0.00144,-0.0318,-0.02038,0.00249
1994-07-31,0,0.00568,2.674,-0.02926,0.00181,0.02887,-0.00315,-0.00123
1994-08-31,0,0.0042,2.68,0.00177,0.00182,0.02068,0.00519,-4e-05
1994-09-30,0,0.04333,2.696,0.0011,0.00183,0.06283,0.02537,-0.00055
1994-10-31,0,0.02045,2.594,0.00933,0.00175,0.05868,0.03703,0.00014
1994-11-30,0,0.0332,2.584,0.00286,0.00174,0.02577,0.03309,-0.00014
1994-12-31,0,-0.01766,2.51,0.00726,0.00168,-0.0041,0.02007,0.0039
1995-01-31,0,-0.02929,2.726,-0.01286,0.00186,-0.04639,-0.00319,0.00027
1995-02-28,0,0.00504,2.86,-0.007,0.00197,0.00469,-0.00043,-0.00042
1995-03-31,0,0.00315,2.734,0.01112,0.00186,0.02442,0.00827,-8e-05
1995-04-30,0,0.03819,2.937,-0.01177,0.00203,0.02433,0.01389,0.00113
1995-05-31,0,0.02402,3.076,-0.00713,0.00215,0.05996,0.03001,-0.00038
1995-06-30,0,0.00065,3.074,0.00269,0.00214,0.00183,0.02015,6e-05
1995-07-31,0,-0.03361,3.316,-0.01418,0.00235,-0.03876,-0.00047,0.00148
1995-08-31,0,0.05283,3.568,-0.01469,0.00256,0.04807,0.01652,0.00171
1995-09-30,0,0.01493,3.505,0.00735,0.0025,0.02108,0.01812,0.00148
1995-10-31,0,-0.00957,3.533,0.00095,0.00253,0.00546,0.01369,0.00372
1995-11-30,0,0.03002,3.369,0.01431,0.00239,0.01211,0.01313,0.00349
1995-12-31,0,-0.01869,3.158,0.01739,0.00222,-0.0189,0.00192,0.00097
1996-01-31,0,0.02028,3.149,0.00331,0.00221,0.01627,0.00695,0.00094
1996-02-29,0,-0.04507,3.221,-0.0024,0.00227,-0.05486,-0.01469,-0.0006
1996-03-31,0,0.03804,3.375,-0.00792,0.0024,0.04615,0.00661,0.00363
1996-04-30,0,-0.01266,3.378,0.00259,0.0024,-0.0149,-0.00092,0.00152
1996-05-31,0,-0.0004,3.394,0.00172,0.00241,0.00524,0.00124,0.00374
1996-06-30,0,0.03937,3.534,-0.00691,0.00253,0.0123,0.00511,0.00222
1996-07-31,0,-0.02694,3.86,-0.01954,0.0028,-0.02377,-0.005,0.00398
1996-08-31,0,0.0482,3.982,-0.00524,0.0029,0.06534,0.01962,0.00475
1996-09-30,0,0.00469,4.058,-0.00196,0.00297,-0.02499,0.00401,0.00206
1996-10-31,0,0.04343,4.368,-0.01803,0.00322,0.0526,0.02101,0.00251
1996-11-30,0,0.0098,4.384,0.00249,0.00324,-0.00255,0.01276,0.0053
1996-12-31,0,0.01914,4.421,0.00114,0.00327,0.00975,0.01171,0.00613
1997-01-31,0,-0.02829,4.335,0.00962,0.0032,-0.02827,-0.00228,0.00175
1997-02-28,0,-0.01757,4.151,0.01629,0.00304,0.01722,0.00454,0.00327
1997-03-31,0,0.0436,4.306,-0.00722,0.00317,0.05178,0.02108,0.00175
1997-04-30,0,0.03841,4.535,-0.01227,0.00336,0.03994,0.02768,0.0029
1997-05-31,0,0.02428,4.721,-0.00912,0.00352,0.03101,0.02884,0.0022
1997-06-30,0,0.02542,4.728,0.00352,0.00352,0.01488,0.02396,-0.00092
1997-07-31,0,0.0147,4.555,0.0159,0.00338,0.01985,0.02252,-0.00019
1997-08-31,0,-0.00596,4.598,0.00077,0.00342,0.02303,0.0227,-0.00066
1997-09-30,0,-0.00312,4.657,-0.00022,0.00346,0.02712,0.02425,0.00289
1997-10-31,0,0.02895,4.628,0.0059,0.00344,0.04426,0.03125,-0.00057
1997-11-30,0,-0.01862,4.638,0.00311,0.00345,-0.01197,0.01612,0.00506
1997-12-31,0,0.01615,4.646,0.00336,0.00345,0.01603,0.01609,0.00072
1998-01-31,0,0.01344,4.454,0.01716,0.00329,0.02075,0.01772,0.00343
1998-02-28,0,0.00321,4.501,0.00047,0.00333,0.00242,0.01237,0.00221
1998-03-31,0,-0.00847,4.729,-0.01206,0.00352,0.04008,0.02207,0.00084
1998-04-30,0,0.02008,4.674,0.00778,0.00348,0.04364,0.02962,0.00425
1998-05-31,0,-0.03169,4.631,0.00684,0.00344,-0.05598,-0.00034,0.0021
1998-06-30,0,-0.03375,4.652,0.00239,0.00346,-0.00952,-0.00355,0.00449
1998-07-31,0,-0.0193,4.495,0.01474,0.00333,-0.01551,-0.00774,0.00025
1998-08-31,0,0.04808,4.722,-0.01195,0.00352,0.05003,0.01248,0.0019
1998-09-30,0,-0.04962,4.755,0.00165,0.00355,-0.03286,-0.00339,0.00744
1998-10-31,0,0.0255,5.032,-0.01517,0.00378,0.01859,0.0043,-0.0003
1998-11-30,0,-0.03099,4.86,0.01608,0.00363,-0.01911,-0.00389,0.00278
1998-12-31,1,-0.03896,4.876,0.00291,0.00365,-0.06054,-0.02372,0.00394
1999-01-31,1,-0.00188,4.856,0.00551,0.00363,0.0073,-0.01286,0.00237
1999-02-28,1,-0.04988,4.846,0.00471,0.00362,-0.04276,-0.02332,0.00176
1999-03-31,0,-0.05858,4.812,0.00637,0.00359,-0.03714,-0.02816,0.00301
1999-04-30,0,0.00034,4.982,-0.0077,0.00373,0.01016,-0.01475,0.00232
1999-05-31,0,-0.04598,4.722,0.02211,0.00352,-0.03144,-0.02059,0.00161
1999-06-30,0,0.02436,4.734,0.00308,0.00353,0.05512,0.00591,0.00032
1999-07-31,0,0.0322,4.823,-0.00219,0.0036,0.05014,0.02139,0.00065
1999-08-31,0,0.02565,4.771,0.00762,0.00356,-0.01134,0.00993,0.00176
1999-09-30,0,-0.01409,4.737,0.00637,0.00353,0.00689,0.00887,0.00057
1999-10-31,0,0.00832,4.828,-0.00236,0.00361,0.04011,0.0198,0.0014
1999-11-30,0,0.01562,4.543,0.0237,0.00337,0.01942,0.01967,0.00018
1999-12-31,0,-0.01022,4.836,-0.01643,0.00361,-0.00508,0.011,-0.00061
2000-01-31,0,0.00323,4.926,-0.00219,0.00369,-0.03447,-0.00491,0.00117
2000-02-29,0,-0.00457,5.029,-0.00304,0.00377,-0.03997,-0.01718,0.00067
2000-03-31,0,0.01651,5.215,-0.00866,0.00393,0.0285,-0.00119,0.00218
2000-04-30,0,-0.00048,4.823,0.03145,0.0036,-0.00629,-0.00298,0.00252
2000-05-31,0,0.01904,4.967,-0.00595,0.00372,-0.01959,-0.00879,0.00161
2000-06-30,0,0.02408,4.725,0.02086,0.00352,0.02565,0.00326,-0.00128
2000-07-31,0,-0.01138,4.492,0.02009,0.00333,-0.00635,-0.0001,0.00148
2000-08-31,0,0.01614,4.404,0.00977,0.00325,0.01841,0.00638,0.00305
2000-09-30,0,0.04214,4.382,0.00521,0.00324,0.06175,0.02576,0.00217
2000-10-31,0,0.01686,4.394,0.00282,0.00325,-0.02321,0.00862,0.00182
2000-11-30,0,0.00187,4.427,0.00139,0.00327,0.00785,0.00835,0.00229
2000-12-31,0,0.0296,4.504,-0.00165,0.00334,0.03254,0.01682,0.00066
2001-01-31,0,0.06367,4.491,0.00464,0.00333,0.1067,0.04828,-0.00059
2001-02-28,0,0.01154,4.205,0.02356,0.00309,0.01683,0.03727,-0.00096
2001-03-31,0,0.03054,4.217,0.00263,0.0031,0.03491,0.03645,0.00075
2001-04-30,0,-0.04846,4.411,-0.00986,0.00326,-0.02376,0.01537,-0.00385
2001-05-31,0,0.04612,4.496,-0.00219,0.00333,0.06895,0.03413,0.00047
2001-06-30,0,0.01134,4.58,-0.00207,0.0034,0.03315,0.03378,0.00156
2001-07-31,0,-0.00108,4.485,0.01034,0.00332,0.00124,0.02239,0.00022
2001-08-31,0,-0.01978,4.282,0.01781,0.00315,-0.03217,0.0033,-0.00181
2001-09-30,0,0.04368,4.259,0.00514,0.00313,0.08447,0.03171,0.00236
2001-10-31,0,0.05893,4.46,-0.01031,0.0033,0.08636,0.05084,0.00261
2001-11-30,0,0.01661,4.146,0.02543,0.00304,0.01144,0.03705,0.00079
2001-12-31,0,0.01178,3.923,0.01882,0.00285,0.00861,0.02709,0.00042
2002-01-31,0,0.02045,3.587,0.02654,0.00257,0.03098,0.02845,0.00362
2002-02-28,0,0.00291,3.461,0.01169,0.00247,-0.00305,0.01743,-7e-05
2002-03-31,0,0.00895,3.475,0.00196,0.00248,0.00257,0.01223,0.00314
2002-04-30,0,-0.00355,3.711,-0.01343,0.00268,0.0385,0.02142,0.0016
2002-05-31,0,-0.04208,3.651,0.00721,0.00263,-0.02746,0.00431,-0.00059
2002-06-30,0,0.05395,3.859,-0.01134,0.0028,0.0438,0.01813,0.00131
2002-07-31,0,0.01901,3.76,0.01011,0.00272,0.06237,0.03361,0.00282
2002-08-31,0,-0.00444,3.647,0.0109,0.00262,-0.01011,0.01831,0.00283
2002-09-30,0,-0.01311,3.791,-0.00688,0.00274,0.0016,0.01246,0.00197
2002-10-31,0,-0.01397,3.905,-0.00478,0.00284,-0.03344,-0.0036,-0.00149
2002-11-30,1,-0.00906,3.737,0.01491,0.0027,-0.02489,-0.01106,0.00416
2002-12-31,1,0.03186,3.718,0.00442,0.00268,-0.00556,-0.00913,0.00159
2003-01-31,1,-0.0058,3.635,0.00886,0.00261,0.03341,0.00576,-0.00076
2003-02-28,0,0.05332,3.794,-0.00798,0.00274,0.03449,0.01581,0.00014
2003-03-31,0,0.02759,3.988,-0.01024,0.00291,0.03355,0.02202,0.00058
2003-04-30,0,0.0386,4.145,-0.00757,0.00304,0.03983,0.02825,0.00259
2003-05-31,0,-0.00137,4.069,0.00871,0.00297,0.03301,0.02992,-0.00063
2003-06-30,0,0.00019,4.515,-0.02745,0.00335,0.03878,0.03302,-0.0
2003-07-31,0,0.00104,4.327,0.01679,0.00319,-0.04741,0.00487,0.00044
2003-08-31,0,-0.00467,4.475,-0.00666,0.00331,-0.01491,-0.00205,0.00293
2003-09-30,0,-0.01093,4.309,0.01523,0.00317,-0.01085,-0.00513,-0.00127
2003-10-31,0,-0.01274,4.297,0.00438,0.00316,0.06122,0.01809,0.00263
2003-11-30,0,-0.0191,4.407,-0.004,0.00326,-0.01983,0.00482,0.00492
2003-12-31,0,-0.00466,4.743,-0.01954,0.00354,0.01355,0.00788,0.00439
2004-01-31,1,-0.03772,4.355,0.03073,0.00321,-0.02094,-0.00221,0.00216
2004-02-29,0,-0.01705,4.15,0.01781,0.00304,-0.02181,-0.00907,0.00116
2004-03-31,0,-0.00383,4.014,0.0129,0.00293,-0.01056,-0.00959,-0.00102
2004-04-30,0,0.02055,3.732,0.02286,0.00269,0.0303,0.00437,-0.00176
2004-05-31,0,-0.03619,3.708,0.00474,0.00267,-0.06143,-0.01866,-0.00194
2004-06-30,0,-0.01004,3.912,-0.011,0.00284,-0.03782,-0.02537,0.004
2004-07-31,0,-0.02873,4.326,-0.02542,0.00319,-0.02076,-0.02376,-0.00065
2004-08-31,0,0.00507,4.869,-0.03389,0.00364,0.04811,0.0014,0.00195
2004-09-30,0,0.00168,4.879,0.00334,0.00365,-0.01997,-0.00608,0.00084
2004-10-31,0,-0.00455,4.926,0.00084,0.00369,-0.00598,-0.00604,0.00152
2004-11-30,0,-0.02064,5.311,-0.02259,0.00401,-0.02171,-0.01153,0.00179
2004-12-31,0,0.00736,5.338,0.0026,0.00403,-0.01354,-0.01223,0.00287
2005-01-31,0,0.0152,5.259,0.00991,0.00397,-0.00878,-0.01102,0.00353
2005-02-28,0,0.02495,5.189,0.00925,0.00391,0.02271,0.00078,0.00313
2005-03-31,0,-0.01521,5.014,0.01643,0.00376,-0.00069,0.00027,0.00168
2005-04-30,0,-0.03008,5.127,-0.00367,0.00386,-0.03578,-0.01235,0.00266
2005-05-31,0,0.00835,4.721,0.03236,0.00352,0.0008,-0.00775,0.00346
2005-06-30,0,0.06312,4.732,0.00316,0.00353,0.06782,0.0187,0.00531
2005-07-31,0,0.05294,4.844,-0.00379,0.00362,0.08886,0.04326,0.0024
2005-08-31,0,0.04561,5.003,-0.007,0.00375,0.05184,0.04626,0.00221
2005-09-30,0,0.02999,4.971,0.0064,0.00373,-0.00639,0.02783,0.00199
2005-10-31,0,0.02151,5.199,-0.0116,0.00392,0.01469,0.02323,-0.00096
2005-11-30,0,0.01268,5.162,0.0069,0.00388,0.00878,0.01817,-0.00098
2005-12-31,0,0.00489,5.195,0.00197,0.00391,0.01185,0.01596,0.00355
2006-01-31,0,0.05586,5.192,0.00456,0.00391,0.04742,0.02697,0.00402
2006-02-28,0,0.02104,4.871,0.02655,0.00364,0.04304,0.0326,0.0006
2006-03-31,0,0.02968,5.013,-0.00579,0.00376,0.05889,0.0418,-0.00123
2006-04-30,0,0.01281,5.159,-0.00589,0.00388,0.00046,0.02733,0.00353
2006-05-31,0,0.01237,4.926,0.02042,0.00369,-0.02133,0.0103,-0.0011
2006-06-30,0,0.09416,5.061,-0.00523,0.0038,0.13996,0.05568,0.00087
2006-07-31,0,0.07259,5.399,-0.0192,0.00408,0.07536,0.06257,0.0038
2006-08-31,0,0.00242,5.224,0.01662,0.00394,0.0218,0.0483,0.00349
2006-09-30,0,-0.00538,5.247,0.00274,0.00396,0.00894,0.03452,0.00448
2006-10-31,0,0.03884,5.097,0.01474,0.00383,0.01062,0.02616,0.0004
2006-11-30,1,0.00361,5.281,-0.00849,0.00398,-0.0002,0.01693,0.00253
2006-12-31,1,0.05765,5.109,0.01635,0.00384,0.09447,0.04407,0.00426
2007-01-31,1,0.06728,4.839,0.0229,0.00362,0.06642,0.05189,0.00407
2007-02-28,0,-0.00615,4.826,0.00492,0.00361,-0.01759,0.02757,0.00377
2007-03-31,0,-0.04372,4.847,0.00257,0.00362,-0.06347,-0.00429,0.00172
2007-04-30,0,-0.00462,4.894,0.00082,0.00366,0.00676,-0.00042,-0.00049
2007-05-31,0,-0.00166,5.098,-0.01006,0.00383,-0.01545,-0.00568,0.00175
2007-06-30,0,0.02832,4.997,0.01127,0.00375,0.01404,0.00122,0.00359
2007-07-31,0,-0.00312,4.873,0.01273,0.00364,0.00948,0.00411,-0.00129
2007-08-31,0,-0.00926,4.759,0.01193,0.00355,-0.00474,0.00101,0.00386
2007-09-30,0,-0.02213,4.751,0.00449,0.00354,-0.0129,-0.00386,0.0018
2007-10-31,0,0.06945,4.634,0.01208,0.00344,0.06518,0.02031,0.00199
2007-11-30,0,0.02765,4.56,0.00896,0.00338,0.00763,0.01587,0.00138
2007-12-31,0,0.01966,4.348,0.01851,0.00321,0.06127,0.03176,0.00501
2008-01-31,0,0.06407,4.436,-0.0025,0.00328,0.07537,0.04702,0.00623
2008-02-29,0,-0.01539,4.489,6e-05,0.00332,-0.00924,0.02733,0.00117
2008-03-31,1,-0.01681,4.28,0.0182,0.00315,-0.00992,0.01429,-5e-05
2008-04-30,1,-0.02428,4.211,0.0083,0.00309,-0.01812,0.00295,0.00496
2008-05-31,1,0.01209,4.05,0.01466,0.00296,0.01753,0.00805,0.00524
2008-06-30,0,0.02638,4.03,0.00476,0.00294,0.03396,0.01712,0.00171
2008-07-31,0,-0.03625,3.803,0.01904,0.00275,-0.0333,-0.00053,0.0002
2008-08-31,0,0.03619,4.069,-0.0152,0.00297,0.04698,0.0161,-0.00063
2008-09-30,0,-0.02761,4.191,-0.00503,0.00308,-0.04778,-0.00626,0.00082
2008-10-31,0,0.00014,3.938,0.02098,0.00286,0.01659,0.00174,0.00343
2008-11-30,0,0.00614,3.758,0.01572,0.00271,0.00687,0.00354,0.0014
2008-12-31,0,0.01232,3.808,-0.00033,0.00276,0.00995,0.00578,0.00518
2009-01-31,0,-0.00177,3.525,0.02274,0.00252,0.00753,0.00639,-0.00091
2009-02-28,0,-0.01971,3.742,-0.01209,0.0027,-0.03524,-0.00818,0.00026
2009-03-31,0,0.02223,3.847,-0.0041,0.00279,0.0252,0.0035,-0.00133
2009-04-30,0,0.01782,3.836,0.00393,0.00278,0.04505,0.01805,0.00114
2009-05-31,0,-0.01929,4.008,-0.00869,0.00292,-0.02573,0.00272,0.00129
2009-06-30,0,0.02853,4.267,-0.01456,0.00314,0.02703,0.01123,-0.00071
2009-07-31,0,-0.00015,4.15,0.01163,0.00304,-0.02779,-0.00243,0.00078
2009-08-31,0,-0.00101,4.412,-0.01463,0.00326,-0.00437,-0.00311,0.00303
2009-09-30,0,0.02769,4.693,-0.01577,0.00349,0.0316,0.00904,0.00441
2009-10-31,0,0.01795,4.534,0.01489,0.00336,0.03439,0.01791,0.00688
2009-11-30,0,0.08038,4.704,-0.00802,0.0035,0.10167,0.04723,0.00383
2009-12-31,0,0.00093,4.67,0.0063,0.00348,-0.00063,0.03048,0.00234
2010-01-31,0,0.01504,4.748,-0.0015,0.00354,-0.01433,0.01479,0.00369
2010-02-28,0,-0.02412,4.77,0.00241,0.00356,-0.02412,0.00118,0.0
2010-03-31,0,0.01331,4.601,0.0157,0.00342,0.0138,0.00559,0.00387
2010-04-30,0,0.04357,4.803,-0.01015,0.00359,0.05175,0.02175,-3e-05
2010-05-31,0,-0.00847,4.974,-0.00785,0.00373,-0.02763,0.00446,0.00184
2010-06-30,0,-0.01659,4.873,0.01119,0.00364,0.00564,0.00488,-0.0003
2010-07-31,0,0.00579,4.948,-0.00115,0.00371,-0.00463,0.00155,0.0013
2010-08-31,0,0.01458,5.074,-0.00459,0.00381,0.01849,0.00748,0.00016
2010-09-30,0,0.03968,5.259,-0.00856,0.00397,0.0154,0.01025,0.0006
2010-10-31,0,-0.00452,5.454,-0.00915,0.00413,-0.00317,0.00555,0.00254
2010-11-30,0,0.0434,5.977,-0.03161,0.00456,0.06293,0.02564,0.00142
2010-12-31,0,0.01832,5.693,0.0246,0.00433,0.02356,0.02491,0.00094
2011-01-31,0,-0.13511,5.642,0.00828,0.00429,-0.15741,-0.0389,0.00258
2011-02-28,0,-0.04851,5.5,0.01454,0.00417,-0.0577,-0.04548,0.00232
2011-03-31,0,-0.01225,5.252,0.02173,0.00396,0.01124,-0.02563,-0.00073
2011-04-30,0,0.01068,5.175,0.00971,0.0039,-0.04892,-0.03378,0.00373
2011-05-31,1,-0.14057,5.04,0.01364,0.00378,-0.1537,-0.07575,0.00356
2011-06-30,1,-0.00399,5.156,-0.00378,0.00388,-0.00667,-0.05157,0.00524
2011-07-31,1,-0.07093,4.819,0.02755,0.0036,-0.05759,-0.05368,0.00308
2011-08-31,0,-0.01312,4.45,0.02959,0.00329,-0.00831,-0.0378,0.00381
2011-09-30,0,0.08205,4.564,-0.00423,0.00339,0.11887,0.01703,0.00318
2011-10-31,0,-0.03622,4.167,0.03127,0.00306,-0.01095,0.00724,0.00078
2011-11-30,0,0.01439,4.068,0.01034,0.00297,-0.03053,-0.00598,0.00301
2011-12-31,1,-0.01565,3.828,0.01996,0.00277,-0.01849,-0.01036,0.00352
2012-01-31,1,-0.08692,3.872,0.00018,0.00281,-0.05661,-0.02655,0.00134
2012-02-29,0,0.04718,3.945,-0.00184,0.00287,0.03758,-0.0041,0.00063
2012-03-31,0,-0.00268,3.78,0.01472,0.00273,-0.01503,-0.00792,0.00228
2012-04-30,0,-0.02152,3.682,0.00994,0.00265,-0.01986,-0.0121,0.0045
2012-05-31,0,0.02739,3.532,0.01342,0.00253,-0.00544,-0.00977,0.00272
2012-06-30,0,0.02704,3.213,0.025,0.00226,0.04793,0.01042,-0.00013
2012-07-31,0,0.00192,3.03,0.01531,0.00211,0.00835,0.0097,0.00298
2012-08-31,0,0.01478,3.215,-0.01028,0.00226,-0.02668,-0.00303,0.00027
2012-09-30,0,-0.00219,2.935,0.02205,0.00203,0.01535,0.0034,0.00156
2012-10-31,0,-0.05108,3.074,-0.00712,0.00214,-0.05405,-0.01671,0.00505
2012-11-30,0,-0.01452,3.103,0.00056,0.00217,-0.06371,-0.03316,-0.00016
2012-12-31,0,-0.01325,3.015,0.00863,0.0021,0.01663,-0.01573,0.00158
2013-01-31,0,0.01322,3.077,-0.00175,0.00215,0.00037,-0.0101,0.00601
2013-02-28,0,0.01674,3.023,0.00625,0.0021,0.01621,-0.00089,0.0018
2013-03-31,0,0.01866,3.294,-0.01616,0.00233,0.00199,0.00012,-0.00057
2013-04-30,0,0.02584,3.022,0.02152,0.0021,0.06172,0.02168,0.00189
2013-05-31,0,0.05153,3.241,-0.01264,0.00228,0.02712,0.02358,0.00369
2013-06-30,0,0.00171,3.064,0.01498,0.00214,-0.01846,0.00887,0.00168
2013-07-31,0,0.0028,2.936,0.01137,0.00203,0.02066,0.01299,0.00196
2013-08-31,0,-0.0087,2.851,0.00837,0.00196,-0.0092,0.00523,-0.00062
2013-09-30,0,0.02678,2.637,0.01714,0.00178,0.01368,0.00819,-0.00199
2013-10-31,0,0.00097,2.472,0.01361,0.00164,0.001,0.00567,0.00076
2013-11-30,0,0.04495,2.77,-0.01852,0.00189,0.05482,0.02287,0.00294
2013-12-31,0,0.00253,2.843,-0.00276,0.00195,-0.01585,0.00932,0.0036
2014-01-31,0,-0.00055,2.641,0.01631,0.00178,0.02839,0.01599,0.00187
2014-02-28,0,0.02839,2.858,-0.01276,0.00196,0.04257,0.0253,0.00191
2014-03-31,0,0.04052,3.008,-0.008,0.00209,0.03522,0.02877,0.00143
2014-04-30,0,0.00692,3.243,-0.01376,0.00229,0.04471,0.03435,0.00396
2014-05-31,0,0.00947,3.218,0.00444,0.00226,0.02408,0.03076,0.00025
2014-06-30,0,0.02664,3.133,0.00857,0.00219,0.0007,0.02024,0.00128
2014-07-31,0,-0.00315,3.015,0.01077,0.0021,-0.02802,0.00335,0.00375
2014-08-31,0,0.00308,3.072,-0.00149,0.00214,-0.01967,-0.00471,0.00021
2014-09-30,0,0.03491,3.287,-0.01227,0.00232,0.05158,0.01499,-0.0002
2014-10-31,0,-0.01297,3.472,-0.01004,0.00248,0.00272,0.0107,-0.00213
2014-11-30,0,0.0095,3.607,-0.00645,0.00259,0.02358,0.01521,0.0029
2014-12-31,0,0.01794,3.64,0.00071,0.00262,0.01768,0.01607,0.00239
2015-01-31,0,0.00957,3.42,0.01826,0.00243,0.01527,0.01579,0.00045
2015-02-28,0,0.00503,3.585,-0.00857,0.00257,-0.00962,0.0069,0.00283
2015-03-31,0,0.00486,3.735,-0.00737,0.0027,-0.03147,-0.00653,0.00595
2015-04-30,0,0.0084,3.758,0.00147,0.00272,0.01348,0.00047,0.00156
2015-05-31,0,0.02479,3.86,-0.0039,0.0028,0.01352,0.00504,0.00261
2015-06-30,0,0.0505,4.03,-0.00852,0.00294,0.06613,0.02642,0.00327
2015-07-31,0,0.07342,4.122,-0.00306,0.00302,0.07571,0.04367,-0.00025
2015-08-31,0,0.0285,4.148,0.00165,0.00304,0.04857,0.04539,0.00014
2015-09-30,0,0.03254,4.32,-0.00842,0.00318,0.06654,0.05279,0.00047
2015-10-31,0,-0.00495,4.364,0.00057,0.00322,0.00611,0.03645,0.00387
2015-11-30,0,-0.0048,4.33,0.00595,0.00319,-0.00293,0.02267,0.00177
2015-12-31,0,0.04778,4.413,-0.00214,0.00326,0.08341,0.04393,0.00339
2016-01-31,0,0.01255,4.399,0.00464,0.00325,0.02147,0.03607,0.00362
2016-02-29,0,0.02284,4.294,0.01096,0.00316,0.0451,0.03923,0.00355
2016-03-31,0,0.00596,4.543,-0.01367,0.00337,0.00817,0.02836,0.00106
2016-04-30,0,0.02241,4.494,0.00721,0.00333,0.01771,0.02463,0.00181
2016-05-31,0,0.03262,4.46,0.00606,0.0033,0.04283,0.031,0.0026
2016-06-30,0,0.02955,4.044,0.03248,0.00295,-0.00526,0.01831,0.00092
2016-07-31,0,0.00187,4.049,0.00305,0.00296,0.02291,0.01992,0.00121
2016-08-31,0,0.04477,4.234,-0.00942,0.00311,0.07671,0.03979,0.0014
2016-09-30,1,0.0287,3.992,0.02027,0.00291,0.0138,0.0307,0.00148
2016-10-31,0,-0.0143,4.093,-0.0037,0.00299,-0.00997,0.01646,0.00076
2016-11-30,0,0.02003,3.971,0.01191,0.00289,-0.00822,0.00782,0.00512
2016-12-31,0,0.01954,3.817,0.01394,0.00276,-0.00073,0.00483,0.00301
2017-01-31,0,-0.00886,3.541,0.02223,0.00253,-0.01428,-0.00186,0.00072
2017-02-28,0,0.01314,3.436,0.01022,0.00245,0.00584,0.00083,0.00205
2017-03-31,0,0.01665,3.38,0.00678,0.0024,0.01725,0.00658,0.00245
2017-04-30,0,0.02063,3.301,0.00825,0.00233,0.03771,0.01748,0.00541
2017-05-31,0,-0.00967,3.262,0.00544,0.0023,0.00437,0.01289,-0.00029
2017-06-30,0,0.01439,3.203,0.00682,0.00225,0.01149,0.0124,0.00086
2017-07-31,1,0.06047,3.119,0.00844,0.00218,0.04187,0.02271,0.00448
2017-08-31,0,0.00342,3.101,0.00391,0.00217,-0.00272,0.01381,0.00146
2017-09-30,0,0.03843,3.386,-0.01715,0.0024,0.06991,0.03345,0.00225
2017-10-31,0,0.01193,3.442,-0.00105,0.00245,0.0256,0.0307,0.00325
2017-11-30,0,0.07587,3.54,-0.00394,0.00253,0.09484,0.05315,0.00301
2017-12-31,0,0.04072,3.444,0.00964,0.00245,0.03953,0.04838,0.00143
2018-01-31,0,0.04283,3.58,-0.00655,0.00257,0.0502,0.04902,0.00174
2018-02-28,0,0.00124,3.524,0.00682,0.00252,-0.03356,0.02012,0.00119
2018-03-31,0,0.04799,3.721,-0.01068,0.00268,0.03545,0.02548,0.0022
2018-04-30,0,0.00129,3.641,0.00867,0.00262,0.01447,0.02163,0.00312
2018-05-31,0,0.02002,3.757,-0.00505,0.00271,0.01866,0.02059,0.00392
2018-06-30,0,-0.00821,3.971,-0.01163,0.00289,-0.02345,0.00517,0.00244
2018-07-31,0,0.03429,3.964,0.0038,0.00289,0.04277,0.01833,0.00235
2018-08-31,0,0.03364,3.998,0.00092,0.00292,0.02442,0.02047,-0.00122
2018-09-30,0,0.01006,4.174,-0.00883,0.00306,0.01471,0.01845,0.00244
2018-10-31,0,0.01123,4.181,0.00301,0.00307,0.02803,0.02181,0.00113
2018-11-30,1,-0.08273,3.942,0.02004,0.00287,-0.12277,-0.0288,0.00327
2018-12-31,0,0.00882,4.07,-0.00562,0.00298,0.04881,-0.00163,0.0016
2019-01-31,0,0.00302,3.775,0.02383,0.00273,-0.01923,-0.00779,0.00503
2019-02-28,0,0.00273,3.682,0.00959,0.00265,0.0049,-0.00335,0.00132
2019-03-31,0,0.01602,3.749,-0.00161,0.00271,-0.02752,-0.01181,0.00143
2019-04-30,0,-0.0229,3.825,-0.00213,0.00277,-0.00219,-0.00844,0.00415
2019-05-31,0,0.02696,3.616,0.0177,0.0026,0.06449,0.01708,0.00329
2019-06-30,0,-0.02247,3.416,0.01685,0.00243,-0.0431,-0.00398,0.00017
2019-07-31,0,0.01168,3.651,-0.01343,0.00263,0.03147,0.00843,0.00279
2019-08-31,0,0.00304,3.462,0.01608,0.00247,0.00339,0.00667,0.00358
2019-09-30,0,-0.01591,3.393,0.00765,0.00241,-0.04597,-0.01176,0.00102
2019-10-31,0,0.03629,3.465,-0.00216,0.00247,0.04076,0.00662,0.0007
2019-11-30,0,-0.00617,3.487,0.00136,0.00249,-0.00161,0.00374,-0.00216
2019-12-31,0,0.02566,3.313,0.01496,0.00234,0.01022,0.00601,-0.00187
2020-01-31,0,0.05092,3.55,-0.01361,0.00254,0.03412,0.01585,0.0036
2020-02-29,0,0.06979,3.595,-0.00019,0.00258,0.09391,0.04317,0.00305
2020-03-31,0,-0.01732,3.613,0.0018,0.00259,-0.02809,0.01823,0.00113
2020-04-30,0,-0.01609,3.619,0.00256,0.0026,0.00709,0.01433,0.00119
2020-05-31,0,0.02965,3.719,-0.00391,0.00268,0.02778,0.01904,0.00397
2020-06-30,0,-0.00087,3.771,-0.00048,0.00273,0.00524,0.01421,0.00153
2020-07-31,0,0.06569,3.759,0.00395,0.00272,0.08912,0.04043,0.00148
2020-08-31,0,0.03622,3.934,-0.00893,0.00286,0.02815,0.03613,0.00037
2020-09-30,0,0.00493,4.144,-0.01122,0.00304,0.04415,0.03894,0.0024
2020-10-31,0,0.03609,4.0,0.01334,0.00292,0.03704,0.03828,-0.0008
2020-11-30,0,-0.00127,4.085,-0.00249,0.00299,0.00592,0.02695,0.00139
2020-12-31,0,0.00806,3.803,0.02287,0.00275,0.00625,0.01971,0.00295
2021-01-31,0,-0.00183,3.608,0.01664,0.00259,-0.01665,0.00698,0.00115
2021-02-28,0,0.01636,3.614,0.00263,0.00259,0.02717,0.01405,0.00026
2021-03-31,0,0.01009,3.565,0.00638,0.00255,0.03609,0.02176,0.00249
2021-04-30,0,-0.00133,3.449,0.01101,0.00246,0.00019,0.01421,0.00044
2021-05-31,0,0.01359,3.654,-0.01129,0.00263,0.01095,0.01307,0.00154
2021-06-30,0,0.00501,3.58,0.00814,0.00257,0.02134,0.01597,0.0019
2021-07-31,0,-0.04499,3.366,0.01781,0.00239,-0.02353,0.00214,0.00231
2021-08-31,0,0.00443,3.463,-0.0039,0.00247,-0.03481,-0.01079,-0.00143
2021-09-30,0,0.01541,3.34,0.01136,0.00237,-0.00152,-0.00755,0.00277
2021-10-31,0,0.01057,3.108,0.01885,0.00217,-0.00427,-0.0064,-0.00248
2021-11-30,0,-0.00502,3.021,0.00863,0.0021,-0.00734,-0.00673,-7e-05
2021-12-31,0,0.00601,3.08,-0.00158,0.00215,-0.00579,-0.0064,0.00478
2022-01-31,0,0.00592,3.14,-0.00161,0.0022,-0.0112,-0.00808,0.00217
2022-02-28,0,0.00571,3.356,-0.01232,0.00238,0.02934,0.00502,-0.00033
2022-03-31,0,0.02441,3.522,-0.0087,0.00252,0.03556,0.01571,0.00279
2022-04-30,0,0.00264,3.34,0.01558,0.00237,0.02994,0.02069,0.00334
2022-05-31,0,0.01481,3.529,-0.0103,0.00252,0.00605,0.01557,-0.00104
2022-06-30,0,0.03272,3.61,-0.00269,0.00259,0.03675,0.02298,0.00118
2022-07-31,0,-0.00921,3.687,-0.00229,0.00266,-0.02926,0.00469,4e-05
2022-08-31,0,0.0183,3.577,0.01066,0.00256,0.02516,0.01186,0.00112
2022-09-30,0,0.03976,4.087,-0.03225,0.00299,0.02467,0.01634,-0.00049
2022-10-31,0,-0.01138,4.099,0.00258,0.003,-0.05558,-0.00883,0.00054
2022-11-30,0,-0.0048,4.419,-0.01874,0.00327,-0.01786,-0.01199,0.00368
2022-12-31,0,0.01486,4.684,-0.01464,0.00349,0.01348,-0.00308,0.00256
2023-01-31,0,-0.00331,4.534,0.01429,0.00336,-0.00427,-0.0035,0.00448
2023-02-28,0,-0.1498,4.292,0.0205,0.00316,-0.14812,-0.05411,0.00582
2023-03-31,0,0.02807,3.919,0.02938,0.00285,0.04271,-0.02022,0.00637
2023-04-30,0,-0.01275,4.095,-0.00889,0.003,-0.0091,-0.01633,0.00365
2023-05-31,0,0.00992,4.022,0.00842,0.00294,0.04592,0.00546,0.00313
2023-06-30,0,0.02857,3.75,0.02217,0.00271,0.03421,0.01552,0.00186
2023-07-31,0,0.03117,3.774,0.00146,0.00273,0.02069,0.01733,0.00314
2023-08-31,0,0.00908,4.073,-0.01751,0.00298,-0.02055,0.00407,0.00371
2023-09-30,0,-0.01212,3.989,0.00921,0.00291,0.00322,0.00378,0.0049
2023-10-31,0,-0.00909,4.076,-0.00269,0.00298,-0.00461,0.00084,0.00143
2023-11-30,0,-0.00256,4.18,-0.0038,0.00307,0.0009,0.00086,0.00041
2023-12-31,0,-0.08029,4.353,-0.00849,0.00321,-0.03478,-0.01161,0.00683
2024-01-31,0,-0.06469,4.425,-0.00134,0.00327,-0.06456,-0.03014,0.00655
2024-02-29,1,0.04366,4.096,0.02642,0.003,0.04723,-0.00306,0.00235
2024-03-31,0,-0.02169,4.029,0.00804,0.00294,-0.03852,-0.01547,-9e-05
2024-04-30,0,0.0282,4.385,-0.02123,0.00324,0.02571,-0.00106,0.00022
2024-05-31,0,0.0453,4.255,0.0126,0.00313,0.03404,0.01123,-0.0016
2024-06-30,0,0.01448,4.31,-0.00025,0.00318,0.04409,0.02273,0.00433
2024-07-31,0,0.03034,4.257,0.00724,0.00313,0.04365,0.03005,0.00271
2024-08-31,0,-0.02679,4.313,-0.00027,0.00318,0.00582,0.02157,0.00036
2024-09-30,0,-0.00903,4.087,0.01918,0.00299,0.00281,0.015,0.00208
2024-10-31,0,-0.03399,3.993,0.00991,0.00291,-0.02276,0.00179,0.00167
2024-11-30,0,0.0025,3.984,0.00395,0.0029,0.00341,0.00235,-0.00046
2024-12-31,0,-0.05614,3.808,0.01553,0.00276,-0.07385,-0.02432,0.0015
2025-01-31,0,0.03744,3.877,-0.0016,0.00281,0.03796,-0.00252,0.00238
2025-02-28,0,0.01433,3.584,0.02346,0.00257,0.0018,-0.00101,0.00237
2025-03-31,0,0.03407,3.833,-0.01424,0.00278,0.07188,0.0245,0.00228
2025-04-30,0,0.00013,3.945,-0.00449,0.00287,-0.00482,0.01424,0.0007
2025-05-31,0,-0.01328,3.834,0.01096,0.00278,-0.00496,0.00752,0.00592
2025-06-30,0,0.02258,4.019,-0.00966,0.00293,-0.00772,0.00219,0.00379
2025-07-31,0,0.00666,4.159,-0.00629,0.00305,0.01812,0.00776,-0.00243
2025-08-31,0,0.01219,4.043,0.0115,0.00295,0.02195,0.01273,-0.00179
2025-09-30,0,0.00286,3.824,0.01851,0.00277,0.00094,0.0086,-0.00074
2025-10-31,0,-0.01987,3.542,0.02266,0.00254,-0.05002,-0.01191,0.00205
2025-11-30,0,0.06,3.257,0.02267,0.0023,0.02235,8e-05,0.00377
2025-12-31,0,-0.01441,3.329,-0.00226,0.00236,-0.02337,-0.00813,0.00466
2026-01-31,0,-0.00499,3.169,0.01387,0.00222,0.00899,-0.00214,0.00203
2026-02-28,0,0.04257,3.363,-0.01078,0.00239,0.02846,0.00857,0.00561
2026-03-31,0,-0.09243,3.39,0.00088,0.00241,-0.11505,-0.03469,-0.00337
2026-04-30,0,0.00217,3.678,-0.01709,0.00265,-0.00285,-0.02355,0.00134
2026-05-31,0,-0.01314,3.792,-0.00478,0.00274,-0.02786,-0.02506,-1e-05
2026-06-30,0,0.00687,3.888,-0.00353,0.00282,0.00468,-0.01465,0.00272
2026-07-31,0,0.07557,4.038,-0.00711,0.00295,0.08676,0.02085,0.00133
2026-08-31,0,0.01378,4.421,-0.02312,0.00327,0.06892,0.03767,0.00268
2026-09-30,0,0.02947,4.509,-0.00236,0.00334,0.05129,0.04244,0.0002
2026-10-31,0,0.01891,4.48,0.00576,0.00332,0.03951,0.04141,0.00129
2026-11-30,0,0.01546,4.491,0.00291,0.00333,0.01428,0.03192,0.0021
