date,ret_SPY,ret_EFA,ret_EEM,ret_IEF,ret_TLT,ret_LQD,ret_HYG,ret_TIP,ret_VNQ,ret_GLD,ret_DBC
2015-08-01,-6.095,-7.4251,-8.8362,0.079,-0.6895,-0.8274,-1.5233,-0.9499,-6.2911,3.7072,-0.2543
2015-09-01,-2.5516,-4.4189,-3.1324,1.5792,1.9669,1.1898,-2.9899,-0.523,3.0597,-1.8011,-3.4417
2015-10-01,8.5059,6.612,6.3758,-0.637,-0.4088,0.5736,3.2308,0.3001,5.7585,2.2834,0.33
2015-11-01,0.3655,-0.7527,-2.5236,-0.4276,-0.8677,-0.1542,-2.496,-0.1442,-0.6259,-6.7521,-6.6447
2015-12-01,-1.7283,-2.3319,-3.8198,-0.4531,-0.2972,-1.081,-1.9923,-1.0108,1.831,-0.4513,-5.8492
2016-01-01,-4.9787,-5.5177,-5.0326,3.3336,5.5731,0.1228,-1.6009,1.5682,-3.4366,5.411,-4.3413
2016-02-01,-0.0825,-3.3346,-0.8178,1.486,3.0859,1.0517,1.4969,1.2208,-0.3636,10.9303,-0.2347
2016-03-01,6.7266,6.5822,12.9617,-0.0661,-0.0933,3.6145,2.547,1.6673,10.4654,-0.8429,4.2353
2016-04-01,0.3941,2.2218,0.4088,-0.1561,-0.7365,1.5546,3.1226,0.2093,-2.3509,5.1088,9.7065
2016-05-01,1.7011,-0.0856,-3.6929,-0.0992,0.8054,-0.5124,0.1701,-0.6441,2.2486,-6.1383,0.8916
2016-06-01,0.3476,-2.4194,4.5591,3.0876,6.9342,3.0943,1.7931,2.2488,6.9284,8.9695,4.3508
2016-07-01,3.6471,3.9771,5.3841,0.2465,2.1025,1.2916,1.3131,0.6388,4.263,1.9847,-6.9707
2016-08-01,0.1198,0.5341,0.8837,-1.0115,-1.0135,0.1803,1.9676,-0.3427,-3.7642,-3.2563,0.7703
2016-09-01,0.0058,1.3368,2.5185,0.2375,-1.5084,-0.3156,1.0785,0.7507,-1.8325,0.6892,4.3085
2016-10-01,-1.7337,-2.2155,-0.8278,-1.4947,-4.3806,-1.5286,-0.9831,-0.5408,-5.7413,-2.9449,-0.3331
2016-11-01,3.6838,-1.7814,-4.4157,-4.2273,-8.2138,-3.1676,0.0188,-2.0715,-1.6756,-8.3566,1.6711
2016-12-01,2.0272,2.7063,-0.2527,-0.1185,-0.4626,0.8392,1.8389,-0.0406,4.8171,-1.915,4.142
2017-01-01,1.7894,3.2912,6.6553,0.2194,0.8142,0.1451,0.9127,0.8925,-0.1939,5.4192,-0.5682
2017-02-01,3.9291,1.1907,1.7408,0.7236,1.5846,1.321,1.5318,0.4116,3.5086,3.1848,-0.1905
2017-03-01,0.125,3.2317,3.6852,0.0806,-0.6551,-0.2951,-0.1433,0.0,-2.4237,-0.4277,-3.2443
2017-04-01,0.9926,2.4241,1.7009,1.1088,1.5732,1.1889,0.8157,0.4498,0.2422,1.7267,-2.6956
2017-05-01,1.4113,3.5423,2.8457,0.8267,1.8879,1.3332,1.0314,-0.0401,-0.7247,-0.1242,-1.4189
2017-06-01,0.6375,0.296,0.9267,-0.5095,0.7919,0.4803,0.1325,-0.867,2.2327,-2.1555,-0.9596
2017-07-01,2.0554,2.6534,5.8227,0.3749,-0.6583,0.7654,1.0192,0.4614,1.2375,2.3132,4.0831
2017-08-01,0.2918,-0.0448,2.3516,1.4575,3.4087,0.6772,0.0655,1.0375,-0.2611,4.1988,0.3989
2017-09-01,2.0149,2.3617,-0.0446,-1.4415,-2.3229,-0.0494,0.6007,-0.702,-0.1141,-3.3699,1.9867
2017-10-01,2.3564,1.6793,3.2805,-0.189,-0.0386,0.1927,0.0849,0.236,-1.0711,-0.7485,3.9611
2017-11-01,3.0566,0.6894,-0.3889,-0.2793,0.7432,-0.1233,-0.3678,0.0863,2.6643,0.3563,0.9369
2017-12-01,1.2128,1.3488,3.7616,0.1848,1.8126,1.2204,0.2457,0.9354,-0.1474,2.1057,2.7847
2018-01-01,5.6359,5.0206,8.298,-2.1502,-3.2556,-1.2257,0.0459,-0.8503,-4.254,3.2349,2.95
2018-02-01,-3.636,-4.8348,-5.8985,-0.9328,-3.0414,-2.2372,-0.8674,-1.0337,-7.6778,-2.076,-2.924
2018-03-01,-2.7411,-0.8396,0.5415,1.1557,2.8596,0.5568,-0.2318,1.0096,3.8908,0.632,2.2892
2018-04-01,0.5168,1.5212,-2.8169,-1.2765,-2.0882,-1.566,0.4795,-0.1312,0.8215,-0.954,3.4158
2018-05-01,2.4309,-1.8943,-2.6215,0.9862,2.0045,0.5214,0.0504,0.3291,3.6799,-1.1959,2.6765
2018-06-01,0.5751,-1.5841,-4.5457,0.1974,0.6458,-0.4873,0.0988,0.6474,4.2022,-3.6149,-1.9412
2018-07-01,3.7046,2.852,3.531,-0.5278,-1.4369,1.3439,1.6777,-0.5327,0.6016,-2.2419,-2.4321
2018-08-01,3.192,-2.2358,-3.7673,1.014,1.312,0.0199,0.7078,0.6447,2.5751,-2.1381,0.7536
2018-09-01,0.5946,0.9652,-0.5791,-1.205,-2.8643,-0.1407,0.5244,-0.9704,-2.6644,-0.6607,3.3947
2018-10-01,-6.9104,-8.1335,-8.7605,-0.3031,-2.9306,-2.0492,-1.9767,-1.5192,-2.9251,2.1195,-5.6205
2018-11-01,1.8549,0.4963,4.903,1.33,1.7872,-0.3585,-0.3991,0.4791,4.6731,0.3387,-9.8467
2018-12-01,-8.8048,-5.3498,-3.4889,2.8043,5.8535,1.8595,-2.0888,0.5313,-7.9519,4.942,-4.0013
2019-01-01,8.0066,6.6349,10.3431,0.6525,0.3785,3.3682,4.9445,1.4246,11.8547,2.8866,7.1084
2019-02-01,3.2416,2.5367,-1.5313,-0.5255,-1.3764,-0.2039,1.2146,-0.1711,0.6953,-0.6092,2.835
2019-03-01,1.8101,0.918,1.131,2.6552,5.5717,2.929,1.2908,1.9751,4.2165,-1.5969,-0.3759
2019-04-01,4.0852,2.9294,2.3532,-0.5185,-1.9911,0.4364,0.9862,0.2211,-0.1611,-0.6639,1.195
2019-05-01,-6.3771,-5.033,-7.3299,3.0486,6.8393,1.6506,-1.9336,1.7522,0.1383,1.7574,-5.9664
2019-06-01,6.9587,5.9117,6.2077,1.2172,0.9501,3.2468,3.1546,0.7494,1.5543,8.0029,3.9656
2019-07-01,1.5119,-1.9474,-2.6567,0.0382,0.2565,0.254,0.1567,0.3151,1.7048,0.0075,-1.1443
2019-08-01,-1.6743,-1.924,-3.7826,3.9517,11.0491,3.886,0.6896,2.331,3.7462,7.9123,-4.6302
2019-09-01,1.9457,3.164,1.6919,-1.186,-2.6799,-0.7559,0.439,-1.1064,1.9271,-3.3948,1.416
2019-10-01,2.2105,3.3891,4.184,0.1879,-1.1132,0.4452,-0.0115,-0.0293,1.126,2.5635,1.9282
2019-11-01,3.6198,1.1273,-0.0939,-0.6872,-0.4071,0.475,0.568,0.293,-1.3043,-3.2086,-0.1305
2019-12-01,2.9055,2.9954,7.7303,-0.9281,-3.1975,0.5274,1.9112,0.3467,0.769,3.6559,5.8491
2020-01-01,-0.0403,-2.8226,-6.1511,3.4658,7.6912,2.4461,-0.4662,2.1361,1.2286,4.4997,-8.5893
2020-02-01,-7.9166,-7.7653,-3.7758,2.9617,6.6265,1.0914,-1.2895,0.9223,-7.0265,-0.6362,-6.6529
2020-03-01,-12.4871,-14.1067,-15.77,3.7227,6.3767,-6.3119,-10.028,-1.7579,-19.3918,-0.2224,-17.3402
2020-04-01,12.6984,5.8175,7.3542,0.2753,1.2189,4.8458,4.8835,3.0286,8.962,7.2611,-3.1111
2020-05-01,4.7645,5.4269,2.9749,0.3275,-1.7619,2.4602,2.9465,0.6512,1.7343,2.5882,8.0734
2020-06-01,1.7734,3.5112,6.6049,0.0427,0.3366,2.1276,-0.5834,0.9852,2.4249,2.7377,4.4992
2020-07-01,5.8892,1.9385,8.2521,0.8541,4.4352,3.1001,5.0605,2.3252,3.6419,10.7905,5.1178
2020-08-01,6.9797,4.722,2.8875,-0.9698,-5.0466,-1.7783,-0.0223,0.8899,0.4423,-0.3236,4.6368
2020-09-01,-3.7444,-2.0468,-1.0103,0.3278,0.7734,-0.4398,-0.9317,-0.378,-2.6643,-4.1714,-3.545
2020-10-01,-2.4934,-3.5507,1.4062,-1.3808,-3.3852,-0.5103,0.4034,-0.6765,-3.0016,-0.5194,-3.1394
2020-11-01,10.8777,14.2694,8.9913,0.3384,1.6638,3.7715,3.3513,1.2073,9.6749,-5.4086,10.1976
2020-12-01,3.7049,5.0154,7.1295,-0.2385,-1.2276,0.1507,1.9579,1.0976,2.7341,7.0139,5.4519
2021-01-01,-1.019,-0.7813,3.174,-1.0921,-3.6327,-1.8316,-0.378,0.2664,0.0353,-3.2238,3.3333
2021-02-01,2.7806,2.2379,0.7878,-2.3633,-5.733,-2.2633,-0.2447,-1.6876,3.4252,-6.2569,10.1382
2021-03-01,4.5399,2.5132,-0.7258,-2.3857,-5.2453,-1.478,1.2156,-0.2623,5.152,-1.1433,-0.7173
2021-04-01,5.291,2.9524,1.1998,1.0013,2.4951,1.0431,0.6376,1.4297,7.8598,3.5634,7.8266
2021-05-01,0.6566,3.4823,1.6488,0.4248,0.0022,0.6226,0.039,1.0239,0.8074,7.6784,3.8526
2021-06-01,2.2427,-1.078,0.9504,1.0226,4.4191,2.2114,1.3247,0.7247,2.6376,-7.1477,3.4946
2021-07-01,2.4413,0.7733,-6.437,1.9902,3.7166,1.419,0.1048,2.6758,4.4208,2.5297,1.2987
2021-08-01,2.976,1.4467,1.5698,-0.3945,-0.3402,-0.3439,0.6087,-0.1641,2.1545,-0.0766,-1.641
2021-09-01,-4.6606,-3.2614,-3.8733,-1.597,-2.907,-1.5074,-0.37,-0.7801,-5.6815,-3.2235,5.2138
2021-10-01,7.0164,3.1791,1.0718,-0.4429,2.465,0.5309,-0.3108,1.1096,7.133,1.4797,5.7978
2021-11-01,-0.8035,-4.5347,-4.0848,1.0921,2.7715,-0.1186,-1.1691,0.8651,-2.1093,-0.6901,-8.7588
2021-12-01,4.6248,4.3909,1.5071,-0.524,-2.0138,-0.0342,2.2841,0.4029,9.7056,3.2991,6.6735
2022-01-01,-5.2741,-3.635,-0.0205,-2.1131,-3.9139,-3.5919,-2.6549,-2.0588,-8.4217,-1.6788,7.8922
2022-02-01,-2.9517,-3.4292,-4.3202,-0.3041,-1.633,-2.1315,-0.859,0.8557,-3.4827,6.1217,6.4674
2022-03-01,3.759,0.519,-3.3811,-4.061,-5.4444,-2.8937,-1.2872,-1.8755,6.2639,1.2726,9.1747
2022-04-01,-8.7769,-6.7391,-6.1351,-4.2282,-9.4239,-6.6993,-4.1803,-2.183,-4.0878,-2.0703,5.6408
2022-05-01,0.2257,1.9959,0.6135,0.6184,-2.2533,1.8639,1.6299,-0.9922,-4.6854,-3.2615,4.6131
2022-06-01,-8.246,-8.7666,-5.1577,-0.8634,-1.2746,-3.6228,-7.0499,-3.1155,-7.4489,-1.566,-7.5
2022-07-01,9.2087,5.1688,-0.3491,2.9615,2.431,4.4445,6.6989,4.3099,8.616,-2.5882,-1.9895
2022-08-01,-4.0802,-6.1169,-1.3263,-3.8539,-4.5531,-4.4292,-4.3089,-2.7043,-6.0125,-2.9433,-1.4937
2022-09-01,-9.2446,-9.222,-11.5394,-4.7349,-8.2351,-5.9799,-3.7403,-6.7323,-12.8713,-2.8882,-7.0373
2022-10-01,8.1276,5.8918,-1.9782,-1.454,-5.9644,-0.7453,3.3657,1.4204,3.5051,-1.7844,5.0606
2022-11-01,5.5591,13.1681,15.5894,3.6122,7.1511,6.6477,3.4314,1.8329,6.1461,8.4919,1.4729
2022-12-01,-5.7628,-1.8129,-2.6375,-1.488,-2.62,-1.5511,-1.7569,-1.3173,-5.0343,2.9306,-2.7115
2023-01-01,6.2887,9.0037,9.1293,3.5811,7.6436,5.1598,3.667,2.0763,10.4025,5.7593,0.8925
2023-02-01,-2.5142,-3.0748,-7.5677,-3.2708,-4.8505,-4.1691,-1.8851,-1.353,-5.8643,-5.3676,-4.4632
2023-03-01,3.7078,3.129,3.2174,3.7211,4.8393,3.8485,1.9843,2.8644,-2.1555,7.9161,-0.0842
2023-04-01,1.5975,2.9363,-0.8363,0.8148,0.3383,0.604,0.2021,0.0518,0.3131,0.8624,-0.7582
2023-05-01,0.4616,-4.0071,-2.4023,-1.4383,-3.0153,-1.7689,-1.2314,-1.1961,-3.9616,-1.342,-6.4092
2023-06-01,6.48,4.4701,4.3989,-1.2553,0.2171,0.8101,1.7802,-0.3399,5.6295,-2.2214,2.9478
2023-07-01,3.2733,2.7034,6.0415,-0.6517,-2.5443,0.0538,1.1156,0.0411,2.0345,2.2887,8.7225
2023-08-01,-1.6252,-3.935,-6.627,-0.7309,-3.1421,-1.2291,0.1837,-0.8126,-3.3779,-1.2778,-0.3647
2023-09-01,-4.7435,-3.6488,-3.1146,-3.1388,-7.9511,-3.5573,-1.6135,-1.9168,-7.2637,-4.7606,1.5047
2023-10-01,-2.1709,-2.9019,-3.2938,-1.9277,-5.4632,-2.4119,-1.0431,-0.7233,-3.6215,7.3724,-1.8029
2023-11-01,9.1344,8.2188,7.7929,4.5545,9.9239,7.5745,4.8876,2.7768,12.0817,2.5314,-2.448
2023-12-01,4.5655,5.351,3.5653,3.7723,8.6858,4.8753,3.1926,2.4358,9.4453,1.2821,-3.2913
2024-01-01,1.5927,-0.4512,-4.5262,0.0726,-2.2451,-0.4428,0.1163,0.3349,-5.0588,-1.4228,1.3158
2024-02-01,5.2187,2.9863,4.1678,-2.0827,-2.2522,-1.932,0.3035,-1.0478,1.9788,0.4564,-1.5226
2024-03-01,3.2702,3.3786,2.7257,0.7332,0.7828,1.541,1.0899,0.6466,1.951,8.6683,4.4566
2024-04-01,-4.032,-3.2432,-0.2191,-3.1298,-6.4554,-3.243,-1.3513,-1.6908,-7.944,2.9895,1.6108
2024-05-01,5.058,5.0602,1.9517,1.8002,2.887,2.2137,1.6339,1.777,4.5597,1.6189,-0.2999
2024-06-01,3.528,-1.8267,2.618,1.217,1.8171,0.5963,0.4794,0.7615,1.8756,-0.1347,-0.1719
2024-07-01,1.2109,2.5916,0.8453,2.8972,3.63,2.6381,2.3522,1.7275,7.9394,5.3672,-2.7981
2024-08-01,2.3366,3.2603,0.9779,1.3458,2.1112,1.8705,1.5474,0.799,5.2207,2.0922,-2.0815
2024-09-01,2.1005,0.7833,5.7413,1.3825,1.9994,1.9629,1.697,1.4976,3.2697,5.0889,0.7237
2024-10-01,-0.8924,-5.2732,-3.0746,-3.3874,-5.4549,-3.1794,-0.9636,-1.8469,-3.3566,4.2993,1.4369
2024-11-01,5.9633,-0.3156,-2.6772,1.0209,1.9872,1.7909,1.6446,0.498,4.2592,-3.1241,-1.992
2024-12-01,-2.406,-2.9502,-1.6967,-2.2584,-6.381,-2.6758,-0.7803,-1.7144,-8.3722,-1.4088,1.7227
2025-01-01,2.6856,4.801,2.1521,0.6166,0.4924,0.5803,1.3605,1.3702,1.6502,6.7856,2.7596
2025-02-01,-1.2695,2.9531,1.147,2.7997,5.6971,2.3713,0.9703,2.1572,3.6996,1.8216,0.1366
2025-03-01,-5.5719,0.1839,1.134,0.3419,-1.2047,-0.4625,-1.0858,0.6797,-2.5878,9.4466,2.2727
2025-04-01,-0.867,3.6951,0.1373,1.0561,-1.3605,-0.2706,0.1172,0.1259,-2.4409,5.4244,-8.5778
2025-05-01,6.2845,4.7906,4.0219,-1.2396,-3.2106,0.2064,1.7533,-0.6319,1.1208,-0.056,1.507
2025-06-01,5.1386,2.3962,7.002,1.6019,2.664,2.0824,1.8385,0.9384,0.6885,0.4051,4.454
2025-07-01,2.3031,-2.092,0.6634,-0.5939,-1.1396,-0.0897,0.1358,0.0091,0.0898,-0.6135,2.9344
