month,exp_excess_ret,drawdown_state,prev_weight,weight,realized_excess_ret
1,0.05,0,0.45,0.4,0.0123
2,0.049,0,0.4,0.35,0.04719
3,0.01828,0,0.35,0.3,0.04545
4,0.01167,0,0.3,0.3,-0.02494
5,0.00349,0,0.3,0.2,-0.02433
6,0.00843,0,0.2,0.2,0.03123
7,0.01662,0,0.2,0.2,-0.05711
8,0.03353,0,0.2,0.2,-0.03219
9,0.0415,0,0.2,0.2,-0.03306
10,0.0458,0,0.2,0.25,-0.02018
11,0.03958,1,0.25,0.2,-0.08751
12,0.03922,1,0.2,0.2,0.07412
13,0.03059,1,0.2,0.2,0.03656
14,0.03328,0,0.2,0.2,0.00505
15,0.0351,0,0.2,0.2,-0.0498
16,0.04488,1,0.2,0.2,-0.02136
17,0.0512,1,0.2,0.2,0.07892
18,0.06066,0,0.2,0.25,-0.0344
19,0.07859,1,0.25,0.25,-0.04395
20,0.08106,1,0.25,0.25,0.05012
21,0.07113,1,0.25,0.25,0.05644
22,0.0509,0,0.25,0.35,-0.03776
23,0.0477,0,0.35,0.4,-0.01312
24,0.04556,1,0.4,0.25,0.04699
25,0.03992,0,0.25,0.25,0.06445
26,0.0286,0,0.25,0.25,-0.00182
27,0.03572,0,0.25,0.2,-0.01591
28,0.04416,0,0.2,0.25,-0.03546
29,0.04595,0,0.25,0.25,-0.00701
30,0.04447,0,0.25,0.25,0.01286
31,0.0416,0,0.25,0.2,0.00643
32,0.02878,0,0.2,0.2,0.05036
33,0.03577,0,0.2,0.2,0.0491
34,0.04141,0,0.2,0.2,-0.07923
35,0.04112,0,0.2,0.2,-0.05889
36,0.04554,0,0.2,0.2,-0.02077
37,0.04154,1,0.2,0.2,-0.03215
38,0.03001,1,0.2,0.2,-0.02588
39,0.03783,1,0.2,0.2,0.00278
40,0.03158,1,0.2,0.2,0.03565
41,0.02544,1,0.2,0.2,0.00519
42,0.02659,1,0.2,0.2,-0.05094
43,0.03511,1,0.2,0.2,-0.03787
44,0.04668,1,0.2,0.2,-0.05585
45,0.06581,1,0.2,0.25,0.0382
46,0.05181,1,0.25,0.2,0.10255
47,0.03872,1,0.2,0.25,0.02056
48,0.04682,1,0.25,0.2,0.00149
49,0.03332,1,0.2,0.2,-0.0143
50,0.04908,1,0.2,0.2,-0.01877
51,0.06285,1,0.2,0.2,-0.02099
52,0.06386,1,0.2,0.25,0.06908
53,0.05687,1,0.25,0.25,-0.02894
54,0.05822,1,0.25,0.2,0.07213
55,0.03474,0,0.2,0.25,0.02958
56,0.04043,0,0.25,0.25,0.00518
57,0.04561,0,0.25,0.25,0.06221
58,0.04105,0,0.25,0.3,-0.03466
59,0.04693,0,0.3,0.3,-0.03528
60,0.0492,0,0.3,0.3,-0.04052
61,0.06257,0,0.3,0.35,-0.00624
62,0.05572,0,0.35,0.3,-0.00847
63,0.05457,0,0.3,0.35,-0.00458
64,0.06733,0,0.35,0.4,-0.04229
65,0.06265,1,0.4,0.3,0.08861
66,0.05607,0,0.3,0.35,0.07207
67,0.05746,0,0.35,0.4,-0.07658
68,0.06339,0,0.4,0.4,0.03599
69,0.05416,0,0.4,0.4,-0.06302
70,0.04808,0,0.4,0.35,0.01956
71,0.0526,0,0.35,0.35,-0.00245
72,0.06188,0,0.35,0.35,-0.04441
73,0.07604,1,0.35,0.35,0.03329
74,0.06381,0,0.35,0.35,-0.03017
75,0.07628,1,0.35,0.35,0.05001
76,0.06451,0,0.35,0.4,-0.02696
77,0.05447,1,0.4,0.35,0.0024
78,0.0663,0,0.35,0.35,-0.0082
79,0.07019,1,0.35,0.35,0.00438
80,0.07537,1,0.35,0.3,-0.01849
81,0.07526,1,0.3,0.3,0.03477
82,0.08143,0,0.3,0.4,-0.02138
83,0.07547,1,0.4,0.35,0.05149
84,0.06738,0,0.35,0.4,0.00956
85,0.05687,0,0.4,0.45,0.07845
86,0.05492,0,0.45,0.45,0.00286
87,0.05052,0,0.45,0.4,0.04093
88,0.05559,0,0.4,0.45,0.01111
89,0.06109,0,0.45,0.45,0.0173
90,0.06007,0,0.45,0.45,0.03453
91,0.05159,0,0.45,0.35,0.01369
92,0.05278,0,0.35,0.35,0.00555
93,0.04637,0,0.35,0.35,0.01355
94,0.04751,0,0.35,0.35,0.0735
95,0.03403,0,0.35,0.3,-0.081
96,0.0493,0,0.3,0.35,0.01936
97,0.05554,0,0.35,0.35,0.04758
98,0.06343,0,0.35,0.4,0.01818
99,0.07999,0,0.4,0.45,0.06772
100,0.06845,0,0.45,0.45,-0.06401
101,0.07887,0,0.45,0.5,0.03346
102,0.06294,0,0.5,0.45,0.00752
103,0.07277,0,0.45,0.45,0.08337
104,0.06484,0,0.45,0.4,0.0478
105,0.05656,0,0.4,0.4,0.00695
106,0.05171,0,0.4,0.4,0.04885
107,0.04126,0,0.4,0.4,-0.04821
108,0.05604,0,0.4,0.4,-0.03708
109,0.07395,0,0.4,0.4,-0.00542
110,0.06065,0,0.4,0.35,0.06325
111,0.0558,0,0.35,0.35,-0.05946
112,0.05632,0,0.35,0.35,0.00599
113,0.06796,0,0.35,0.4,-0.03089
114,0.07284,0,0.4,0.45,0.05668
115,0.07108,0,0.45,0.45,-0.00973
116,0.06212,0,0.45,0.4,0.04136
117,0.0636,0,0.4,0.4,0.02234
118,0.0655,0,0.4,0.5,-0.05575
119,0.07257,0,0.5,0.5,-0.04324
120,0.08332,0,0.5,0.55,-0.01652
121,0.08515,0,0.55,0.6,-0.05797
122,0.06875,1,0.6,0.45,-0.09111
123,0.07205,1,0.45,0.35,-0.00889
124,0.07509,1,0.35,0.35,-0.09456
125,0.09033,1,0.35,0.4,0.04236
126,0.09434,1,0.4,0.35,-0.02604
127,0.08825,1,0.35,0.35,0.01559
128,0.08709,1,0.35,0.35,0.09525
129,0.06833,1,0.35,0.25,0.03383
130,0.06511,1,0.25,0.25,-0.00103
131,0.07204,1,0.25,0.25,0.00184
132,0.06903,1,0.25,0.25,-0.02636
133,0.08705,1,0.25,0.3,-0.02479
134,0.08478,1,0.3,0.3,-0.04699
135,0.08631,1,0.3,0.3,-0.05842
136,0.10989,1,0.3,0.4,-0.02915
137,0.10274,1,0.4,0.45,-0.02382
138,0.10999,1,0.45,0.5,0.00791
139,0.1069,1,0.5,0.5,0.02416
140,0.10299,1,0.5,0.45,-0.04737
141,0.11197,1,0.45,0.5,0.02179
142,0.11864,1,0.5,0.45,0.01557
143,0.11296,1,0.45,0.5,0.00456
144,0.08836,1,0.5,0.4,0.00671
145,0.08176,1,0.4,0.4,0.05475
146,0.09096,1,0.4,0.4,0.06259
147,0.08356,1,0.4,0.4,0.03961
148,0.06769,1,0.4,0.3,0.03892
149,0.05243,1,0.3,0.25,0.00142
150,0.04257,1,0.25,0.2,-0.00422
151,0.0467,1,0.2,0.2,0.06078
152,0.0474,1,0.2,0.2,-0.03459
153,0.04981,1,0.2,0.2,0.01152
154,0.05204,1,0.2,0.25,-0.0446
155,0.0442,1,0.25,0.2,-0.02362
156,0.03933,1,0.2,0.2,0.08863
157,0.01905,1,0.2,0.2,0.05037
158,0.01075,0,0.2,0.2,-0.06146
159,0.0245,1,0.2,0.2,0.00468
160,0.02266,1,0.2,0.2,0.02921
161,0.02547,0,0.2,0.2,0.07819
162,0.02642,0,0.2,0.2,0.01962
163,0.01867,0,0.2,0.2,-0.01528
164,0.02536,0,0.2,0.2,0.01731
165,0.02976,0,0.2,0.2,0.01877
166,0.02612,0,0.2,0.2,-0.05923
167,0.03149,0,0.2,0.25,0.10713
168,0.03279,0,0.25,0.25,0.02734
169,0.03808,0,0.25,0.25,0.01997
170,0.03124,0,0.25,0.2,-0.00354
171,0.02118,0,0.2,0.2,-0.00053
172,0.02839,0,0.2,0.2,0.04553
173,0.03501,0,0.2,0.25,-0.0294
174,0.04931,0,0.25,0.3,-0.03045
175,0.0478,0,0.3,0.25,0.05621
176,0.05758,0,0.25,0.3,0.05556
177,0.04677,0,0.3,0.25,-0.00708
178,0.05261,0,0.25,0.25,-0.01328
179,0.05148,0,0.25,0.3,-0.01778
180,0.05099,0,0.3,0.3,0.06727
